2094,ALLOPURINOL
2123,Adavosertib
2141,AMIFOSTINE
2187,ANASTROZOLE
2478,BUSULFAN
2662,CELECOXIB
2708,CHLORAMBUCIL
3363,5-FLUORO-2'-DEOXYURIDINE
3385,5-FU
3690,IFOSFAMIDE
3902,LETROZOLE
4091,METFORMIN
4114,METHOXSALEN
4211,MITOTANE
5311,ZOLINZA
5394,TEMOZOLOMIDE
5426,THALIDOMIDE
5453,THIOTEPA
5743,DEXAMETHASONE
9703,PROCARBAZINE HYDROCHLORIDE
11683,MEGESTROL ACETATE
36462,Etoposide
57469,IMIQUIMOD
60198,EXEMESTANE
60699,TOPOTECAN HYDROCHLORIDE
71384,Dexrazoxane
123631,GEFITINIB
176871,ERLOTINIB HYDROCHLORIDE
208908,LAPATINIB
216326,LENALIDOMIDE
354624,CHEMBL277800
387447,BORTEZOMIB
444795,TRETINOIN
644241,NILOTINIB
3062316,DASATINIB
5288382,GELDANAMYCIN
6450551,AXITINIB
9826528,PD325901
11525740,PAZOPANIB HYDROCHLORIDE
11626560,CRIZOTINIB
11960529,ABT-888
11977753,BEZ-235
24748204,MK-5108
24856436,Adavosertib
24964624,MK-2206
25126798,RUXOLITINIB
42611257,VEMURAFENIB
